{"nodes":null,"selection":null,"view":{"scroll":{"x":-566.48687744140625,"y":-1.47382569313049316},"visible_rect":{"max":{"x":227767.125,"y":599.65771484375},"min":{"x":-134471.40625,"y":-349.853515625}},"zoom":0.00421269377693533897}}