{"nodes":{"node:1":{"location":{"x":0,"y":0}}},"selection":null,"view":{"scroll":{"x":-642.8690185546875,"y":0},"visible_rect":{"max":{"x":44859.375,"y":271},"min":{"x":-43554.375,"y":0}},"zoom":0.0147601477801799774}}