{"nodes":null,"selection":null,"view":{"scroll":{"x":-1.13203923231969261e-12,"y":-2},"visible_rect":{"max":{"x":1.81268741509569577e+20,"y":237573710796554240},"min":{"x":-134471.375,"y":-237573710796554240}},"zoom":8.41843960553693941e-18}}