{"nodes":null,"selection":null,"view":{"scroll":{"x":-601.48895263671875,"y":0},"visible_rect":{"max":{"x":41971.875,"y":271},"min":{"x":-40750.875,"y":0}},"zoom":0.0147601477801799774}}