{"nodes":null,"selection":null,"view":{"scroll":{"x":-16401.337890625,"y":43925.1484375},"visible_rect":{"max":{"x":-10120.2255859375,"y":29902.765625},"min":{"x":-10934.2255859375,"y":29283.43359375}},"zoom":1.5}}