{"nodes":null,"selection":null,"view":{"scroll":{"x":-1.92979252338409424,"y":-141.070770263671875},"visible_rect":{"max":{"x":2684554,"y":182750832},"min":{"x":-2502470,"y":-182934368}},"zoom":7.71155100665055215e-07}}