{"nodes":{"node:1":{"location":{"x":0,"y":0}}},"selection":null,"view":{"scroll":{"x":10262.1669921875,"y":4892.0361328125},"visible_rect":{"max":{"x":296756.375,"y":149619.796875},"min":{"x":296640.75,"y":141410.421875}},"zoom":0.0345945954322814941}}