{"nodes":{"node:1":{"location":{"x":0,"y":0}}},"selection":null,"view":{"scroll":{"x":-2.19534122312485679e-20,"y":-2},"visible_rect":{"max":{"x":1.7625116907663719e+31,"y":2.37535270206667298e+28},"min":{"x":-260735488,"y":-2.37535270206667298e+28}},"zoom":8.41980219758399206e-29}}