{"nodes":null,"selection":null,"view":{"scroll":{"x":-1.648727608973867e-15,"y":-2},"visible_rect":{"max":{"x":1.24461623417199103e+23,"y":1.63121398850149941e+20},"min":{"x":-134471.375,"y":-1.63121398850149941e+20}},"zoom":1.22608070813848259e-20}}