{"nodes":{"node:1":{"location":{"x":-1,"y":-8}},"node:2":{"location":{"x":-10,"y":103}}},"selection":["node:1"],"view":{"scroll":{"x":-762.30950927734375,"y":-1.2919384241104126},"visible_rect":{"max":{"x":134715.015625,"y":477.702117919921875},"min":{"x":-134471.40625,"y":-227.89794921875}},"zoom":0.00566893396899104118}}