{"nodes":null,"selection":null,"view":{"scroll":{"x":-5.85141444183478885e-18,"y":-2},"visible_rect":{"max":{"x":3.50690198423378877e+25,"y":4.59620174218856266e+22},"min":{"x":-134471.40625,"y":-4.59620174218856266e+22}},"zoom":4.35141923098279462e-23}}