{"nodes":null,"selection":null,"view":{"scroll":{"x":-1139.1868896484375,"y":-2.31831502914428711},"visible_rect":{"max":{"x":-69347.921875,"y":165.142349243164062},"min":{"x":-111868.75,"y":-227.659744262695312}},"zoom":0.0101832449436187744}}