{"nodes":{"node:1":{"location":{"x":0,"y":0}}},"selection":null,"view":{"scroll":{"x":-0.000100143210147507489,"y":-2},"visible_rect":{"max":{"x":3863779423027200,"y":5207250436096},"min":{"x":-260735392,"y":-5207250436096}},"zoom":3.84079839330433992e-13}}