{"nodes":null,"selection":null,"view":{"scroll":{"x":-1468.1851806640625,"y":-2.31831502914428711},"visible_rect":{"max":{"x":-101655.7265625,"y":165.142349243164062},"min":{"x":-144176.546875,"y":-227.659744262695312}},"zoom":0.0101832449436187744}}