{"nodes":null,"selection":null,"view":{"scroll":{"x":-5.54844571314113565e-31,"y":-2},"visible_rect":{"max":{"x":inf,"y":4.84717502121456646e+35},"min":{"x":-134471.4375,"y":-4.84717502121456646e+35}},"zoom":4.1261146737851082e-36}}