{"nodes":{"node:1":{"location":{"x":0,"y":0}}},"selection":null,"view":{"scroll":{"x":-2.40399690928347072e-26,"y":-2},"visible_rect":{"max":{"x":1.60953406563388253e+37,"y":2.16918340489390187e+34},"min":{"x":-260735504,"y":-2.16918340489390187e+34}},"zoom":9.22005996524043254e-35}}