{"nodes":{"node:1":{"location":{"x":0,"y":0}}},"selection":null,"view":{"scroll":{"x":-14659.4033203125,"y":19189.451171875},"visible_rect":{"max":{"x":-17805.888671875,"y":26824.62890625},"min":{"x":-19545.890625,"y":25585.9609375}},"zoom":0.74999922513961792}}