{"nodes":{"node:1":{"location":{"x":0,"y":0}}},"selection":null,"view":{"scroll":{"x":-1.95796345614865103e-15,"y":-2},"visible_rect":{"max":{"x":1.97619415859328215e+26,"y":2.66333442417872165e+23},"min":{"x":-260735568,"y":-2.66333442417872165e+23}},"zoom":7.50938389354774715e-24}}