{"nodes":{"node:1":{"location":{"x":0,"y":0}}},"selection":null,"view":{"scroll":{"x":-28.4737930297851562,"y":-1.92331159114837646},"visible_rect":{"max":{"x":166982448,"y":238244.078125},"min":{"x":-3266601.25,"y":-220648.21875}},"zoom":8.71664178703213111e-06}}