{"nodes":{"node:1":{"location":{"x":0,"y":0}}},"selection":null,"view":{"scroll":{"x":-3.57964902164553678e-09,"y":-2},"visible_rect":{"max":{"x":1.35422201756542566e+18,"y":1825097094529024},"min":{"x":-3266603.5,"y":-1825097094529024}},"zoom":1.09583214660954279e-15}}