{"nodes":null,"selection":null,"view":{"scroll":{"x":-1.44448591525955641e-25,"y":-2},"visible_rect":{"max":{"x":1.4205976278544234e+33,"y":1.86185804119202564e+30},"min":{"x":-134471.390625,"y":-1.86185804119202564e+30}},"zoom":1.07419579600175865e-30}}