{"nodes":null,"selection":null,"view":{"scroll":{"x":-0.857146978378295898,"y":-60.4285736083984375},"visible_rect":{"max":{"x":5.49999237060546875,"y":387.749969482421875},"min":{"x":-1.50000715255737305,"y":-105.75}},"zoom":0.571428596973419189}}