{"nodes":{"node:1":{"location":{"x":0,"y":0}}},"selection":null,"view":{"scroll":{"x":-1.41160969396285472e-19,"y":-2},"visible_rect":{"max":{"x":2.74106551288960205e+30,"y":3.69415824985680788e+27},"min":{"x":-260735472,"y":-3.69415824985680788e+27}},"zoom":5.41395325920027899e-28}}