{"nodes":null,"selection":null,"view":{"scroll":{"x":-312.828887939453125,"y":-1.70943272113800049},"visible_rect":{"max":{"x":521489,"y":984.61431884765625},"min":{"x":-134471.40625,"y":-734.81005859375}},"zoom":0.00232635997235774994}}