{"nodes":{"node:1":{"location":{"x":0,"y":0}}},"selection":null,"view":{"scroll":{"x":-265.051849365234375,"y":-1.2376481294631958},"visible_rect":{"max":{"x":48296.55078125,"y":501.646942138671875},"min":{"x":-48133.78125,"y":-224.75860595703125}},"zoom":0.00550656626001000404}}