{"nodes":{"node:1":{"location":{"x":0,"y":0}}},"selection":null,"view":{"scroll":{"x":-6.28880952717736363e-05,"y":-2},"visible_rect":{"max":{"x":6152695270342656,"y":8292043063296},"min":{"x":-260735392,"y":-8292043063296}},"zoom":2.4119508473807727e-13}}