{"nodes":{"node:1":{"location":{"x":0,"y":0}}},"selection":null,"view":{"scroll":{"x":10187.8076171875,"y":4856.5673828125},"visible_rect":{"max":{"x":296756.78125,"y":149620.625},"min":{"x":296640.3125,"y":141409.578125}},"zoom":0.0343439765274524689}}