{"nodes":{"node:1":{"location":{"x":0,"y":0}}},"selection":null,"view":{"scroll":{"x":-0.000126371189253404737,"y":-2},"visible_rect":{"max":{"x":3061863126401024,"y":4126500454400},"min":{"x":-260735392,"y":-4126500454400}},"zoom":4.8467219820880203e-13}}