{"nodes":{"node:1":{"location":{"x":0,"y":0}}},"selection":null,"view":{"scroll":{"x":-3.04503156461119039e-16,"y":-2},"visible_rect":{"max":{"x":1.27069791498542629e+27,"y":1.71253086796856064e+24},"min":{"x":-260735520,"y":-1.71253086796856064e+24}},"zoom":1.16786212599391309e-24}}