{"nodes":{"node:1":{"location":{"x":0,"y":0}}},"selection":null,"view":{"scroll":{"x":-1.82392518566845363e-18,"y":-2},"visible_rect":{"max":{"x":2.12142189489179539e+29,"y":2.85905920377727677e+26},"min":{"x":-260735504,"y":-2.85905920377727677e+26}},"zoom":6.99530804759289747e-27}}