{"nodes":null,"selection":null,"view":{"scroll":{"x":-265.91754150390625,"y":-2.59128785133361816},"visible_rect":{"max":{"x":110315.421875,"y":236.144683837890625},"min":{"x":-44576.18359375,"y":-434.381744384765625}},"zoom":0.00596546195447444916}}