{"nodes":{"node:1":{"location":{"x":0,"y":0}}},"selection":null,"view":{"scroll":{"x":-276.629364013671875,"y":-1.13774001598358154},"visible_rect":{"max":{"x":68560.8671875,"y":335.8126220703125},"min":{"x":-32455.345703125,"y":-133.484542846679688}},"zoom":0.00852338410913944244}}