{"nodes":null,"selection":null,"view":{"scroll":{"x":-1.99950528144836426,"y":-142.008682250976562},"visible_rect":{"max":{"x":182045.859375,"y":12921270},"min":{"x":-181955.828125,"y":-12922850}},"zoom":1.09889597297296859e-05}}