{"nodes":null,"selection":null,"view":{"scroll":{"x":-6.29205719373648192e-17,"y":-2},"visible_rect":{"max":{"x":3.26130768295179237e+24,"y":4.27432193329101747e+21},"min":{"x":-134471.390625,"y":-4.27432193329101747e+21}},"zoom":4.67910485660014731e-22}}