{"nodes":null,"selection":null,"view":{"scroll":{"x":-1.21728781568575251e-11,"y":-2},"visible_rect":{"max":{"x":1.68574209064802714e+19,"y":22093605975883776},"min":{"x":-134471.390625,"y":-22093605975883776}},"zoom":9.05239264679492744e-17}}