{"nodes":{"node:1":{"location":{"x":-1,"y":-8}},"node:2":{"location":{"x":-10,"y":103}}},"selection":["node:2"],"view":{"scroll":{"x":-762.295654296875,"y":-2.14714145660400391},"visible_rect":{"max":{"x":84198.40625,"y":204.27764892578125},"min":{"x":-84043.09375,"y":-236.72235107421875}},"zoom":0.00907029490917921066}}